#,Name,Domain,City,Categories,Products,Sample Products,Tagline,Added
1,Atlas Premium Appliance,negotiate.pier39.ai,"Atlanta, GA",appliances | home | dyson | vacuum | hair-care | air-quality,4,Dyson V15 Detect Absolute | Dyson Airwrap Complete Long | Dyson Pure Hot+Cool HP07 | Dyson Supersonic Special Edition,"Premium home tech, outlet pricing.",2026-05-03
2,Skout Organic,skout-organic-negotiate.fly.dev,"Austin, TX",food | snacks | energy-bars | kids-snacks | organic,29,Apple Pie Kids Bar | Blueberry Blast Kids Bar | Peanut Butter Protein Bar | Soft Baked Cookies,"Organic energy bars, kids bars, and protein bars. AI shoppers welcome.",2026-05-06
3,Bombas,pier39.fly.dev/bombas,"Brooklyn, NY",socks | apparel | basics | athletic-socks | dress-socks,100,Performance Running Sock | Cushioned Crew Sock | Half-Calf Sock | Vintage Stripes Quarter Sock,"Comfort socks, underwear, and basics. Buy One, Give One — every item donates one to those experiencing homelessness.",2026-05-06
4,Allbirds,pier39.fly.dev/allbirds,"San Francisco, CA",shoes | sneakers | footwear | sustainable-fashion | apparel,1052,Wool Runner | Tree Runner | Mizzle Pacer | Wool Lounger,"Naturally derived materials. The world's most comfortable shoes — made from wool, eucalyptus, and sugar cane.",2026-05-06
5,Knix,pier39.fly.dev/knix,"Toronto, Canada",underwear | bras | intimates | leakproof | womens-basics | apparel,523,Leakproof Boyshort | Catalyst Sports Bra | High-Waist Leakproof Brief | Modal Tank,"Leakproof underwear and bras for every body. Engineered for periods, leaks, and life.",2026-05-06
6,ThirdLove,pier39.fly.dev/thirdlove,"San Francisco, CA",bras | underwear | intimates | womens | apparel,373,24/7 Classic T-Shirt Bra | Form 360 Lace Bra | Cotton Hipster | Smoothing Bralette,Bras and intimates in over 80 sizes — including half sizes the rest of the industry skips.,2026-05-06
7,UNTUCKit,pier39.fly.dev/untuckit,"New York, NY",mens-shirts | dress-shirts | mens-fashion | casual-wear | apparel,556,Wrinkle-Free Mason Shirt | Performance Polo | Slim-Fit Chinos | UNTUCKit Stretch Shirt,"Shirts designed to be worn untucked. Just-right length, no math required.",2026-05-06
8,Aviator Nation,pier39.fly.dev/aviator-nation,"Venice, CA",sweatshirts | hoodies | vintage | lifestyle | fleece | apparel,2500,Bolt Stripe Sweatshirt | Bolt Stripe Sweatpants | Vintage Sport Tee | 5 Stripe Hoodie,"Vintage-inspired California beach lifestyle. Premium fleece, hand-distressed in Venice.",2026-05-06
9,Cotopaxi,pier39.fly.dev/cotopaxi,"Salt Lake City, UT",outdoor | backpacks | jackets | travel-gear | sustainable | adventure | apparel,1266,Allpa 35L Travel Pack | Fuego Down Jacket | Bataan Fanny Pack | Teca Fleece Jacket,"Outdoor gear that does good. Vibrant colors, durable construction, and 1% of revenue fights poverty.",2026-05-06
10,Daniel Wellington,pier39.fly.dev/daniel-wellington,"Stockholm, Sweden",watches | accessories | minimalist | scandinavian-design | fashion,1412,Classic Petite Melrose | Iconic Link | Iconic Motion | Quadro,"Minimalist Scandinavian watches with interchangeable straps. Timeless design, accessible price.",2026-05-06
11,Magic Spoon,pier39.fly.dev/magic-spoon,"New York, NY",cereal | breakfast | snacks | high-protein | keto | low-carb | food,222,Cocoa Cereal | Fruity Cereal | Frosted Cereal | Peanut Butter Cereal,"High-protein, low-carb, zero-sugar cereal. Tastes like Saturday morning, fits like Tuesday lunch.",2026-05-06
12,Olipop,pier39.fly.dev/olipop,"Oakland, CA",soda | beverage | prebiotic | gut-health | wellness | food,58,Vintage Cola | Strawberry Vanilla | Cherry Vanilla | Classic Root Beer,Prebiotic soda with the flavors you remember and gut-health benefits you didn't know you wanted.,2026-05-06
13,Liquid Death,pier39.fly.dev/liquid-death,"Los Angeles, CA",water | sparkling-water | tea | beverage | canned-water | food,206,Mountain Water 16.9oz Tallboy | Severed Lime Sparkling | Berry It Alive Tea | Convicted Melon Sparkling,"Murder your thirst. Mountain water and sparkling teas in tallboy cans. 100% recycled aluminum, eternal profanity.",2026-05-06
14,Dr. Squatch,pier39.fly.dev/dr-squatch,"Marina del Rey, CA",soap | personal-care | mens-grooming | natural-skincare | shampoo,549,Pine Tar Soap | Cool Fresh Aloe Soap | Bay Rum Soap | Cedar Citrus Soap,"Natural soap that performs. Pine Tar, Cool Fresh Aloe, Bay Rum — built for men who don't want chemicals on their skin.",2026-05-06
15,Gymshark,pier39.fly.dev/gymshark,"Solihull, UK",activewear | apparel | fitness | training,2500,Gymshark Everyday Seamless Leggings - Cherry Purple | Gymshark FeatherForm V-Neck Bralette - Pebble Grey | Gymshark FeatherForm V-Neck Bralette - Cool Brown | Gymshark x CBUM Straight Leg Jogger - Black,"Gymshark, accessible to AI shoppers via negotiate.v1.",2026-05-07
16,Taylor Stitch,pier39.fly.dev/taylor-stitch,"San Francisco, CA",mens-fashion | shirts | denim | premium,2474,The Conrad Shirt in Navy Pigeon Foulard Pincord | The Conrad Shirt in Heather Oat Pincord | The Conrad Shirt in Heather Chili Pincord | The Short Sleeve Rugby Shirt in Port Stripe,"Taylor Stitch, accessible to AI shoppers via negotiate.v1.",2026-05-07
17,Steve Madden,pier39.fly.dev/steve-madden,"Long Island City, NY",shoes | footwear | boots | fashion,2154,NICO GROMMET BODYSUIT BLACK | BIGSCHMONA JELLY NATURAL | DESSA TAUPE SUEDE | NOIR GREEN SNAKE,"Steve Madden, accessible to AI shoppers via negotiate.v1.",2026-05-07
18,OddBalls,pier39.fly.dev/oddballs,"Northampton, UK",underwear | apparel | basics | uk,2500,Juggle Dream Spinning Stars Cloths - Bargain Basement | KT Titanium Powder Bulk for Fire Performers: Highest Grade Sparkling Effect | Bicycle Red Stripper Deck: Magic Trick Cards for Beginners – Red Rider Back | Bicycle Gaff Short Deck - Blue Back Magic Playing Cards for Magicians,"OddBalls, accessible to AI shoppers via negotiate.v1.",2026-05-07
19,Rebecca Minkoff,pier39.fly.dev/rebecca-minkoff,"New York, NY",handbags | fashion | accessories | womens,594,Reina Shoulder Bag | Bow Clutch | Julian Washed Nylon Backpack | Edie Medium Crossbody,"Rebecca Minkoff, accessible to AI shoppers via negotiate.v1.",2026-05-07
20,Fashion Nova,pier39.fly.dev/fashion-nova,"Los Angeles, CA",fashion | apparel | womens | fast-fashion,2500,Soft Reign Feather Strapless Mini Dress - White | Under My Touch Mesh Lace Brief Panty - Black | Island Haze Tie Dye 2 Piece Bralette Bikini Set - Bubblegum Pink | Riviera Ready 1 Piece One Shoulder Cut Out Swimsuit - White/Black,"Fashion Nova, accessible to AI shoppers via negotiate.v1.",2026-05-07
21,Kith,pier39.fly.dev/kith,"New York, NY",streetwear | apparel | mens-fashion | premium,2500,CDG Homme Short - Navy | CDG Homme Short - Black | CDG Homme Jacket - Navy | Willy Chavarria Opera Bomber Jacket - Black,"Kith, accessible to AI shoppers via negotiate.v1.",2026-05-07
22,Chubbies,pier39.fly.dev/chubbies,"Austin, TX",shorts | mens-fashion | casual | apparel,1587,"The Malibu Sunsets 5.5"" (Faded Classic Swim Trunk) | The Back to Basic (Quilted Quarter-Zip) | The Miami Mosaic 5.5"" (Classic Lined Swim Trunk) | The Calm Seas (Crochet Sunday Shirt) - Cream/Navy (CQS)","Chubbies, accessible to AI shoppers via negotiate.v1.",2026-05-07
23,Taylor Swift Store,pier39.fly.dev/taylor-swift-store,—,music-merch | apparel | merchandise,267,evermore album deluxe edition vinyl | Taylor Swift | The Eras Tour Through London Beige T-Shirt | Taylor Swift | The Eras Tour Through Toronto Beige T-Shirt | Taylor Swift | The Eras Tour Through Toronto Black T-Shirt,"Taylor Swift Store, accessible to AI shoppers via negotiate.v1.",2026-05-07
24,Pura Vida Bracelets,pier39.fly.dev/pura-vida-bracelets,"La Jolla, CA",jewelry | bracelets | accessories,658,Harper Cheer Megaphone Charm | Harper Soccer Ball Charm | Harper Track And Field Charm | Harper Volleyball Charm,"Pura Vida Bracelets, accessible to AI shoppers via negotiate.v1.",2026-05-07
25,New Era,pier39.fly.dev/new-era,"Buffalo, NY",caps | hats | headwear | sportswear,2500,Puerto Rico Yaucromatic Gray 9FIFTY A-Frame Snapback Hat | Seattle Seahawks Super Bowl LX Champions Sidepatch 39THIRTY Stretch Fit Hat | USA World Baseball Classic Black and White 9FORTY M-Crown A-Frame Snapback Hat | USA 2026 World Baseball Classic Chrome White 9FIFTY A-Frame Snapback Hat,"New Era, accessible to AI shoppers via negotiate.v1.",2026-05-07
26,Elder Statesman,pier39.fly.dev/elder-statesman,"Los Angeles, CA",luxury | knitwear | cashmere | apparel,874,TES Teddy Keychain Charm | Elder Teddy Sitting Plushie | Elder Teddy Sitting Plushie | Elder Teddy Sitting Keychain,"Elder Statesman, accessible to AI shoppers via negotiate.v1.",2026-05-07
27,Paramount Shop,pier39.fly.dev/paramount-shop,—,entertainment-merch | apparel | tv | movies,2500,Star Trek Hoodie with Personalized Name Boldly Going Since 1966 | Star Trek T-Shirt with Personalized Name Boldly Going Since 1966 | Star Trek Mug with Personalized Name Boldly Going Since 1966 | Star Trek Mug Boldly Going Since 1966 Personalized Name,"Paramount Shop, accessible to AI shoppers via negotiate.v1.",2026-05-07
28,Nutrimuscle,pier39.fly.dev/nutrimuscle,Belgium,sports-nutrition | supplements | protein | fitness,192,Shaker Daily | Pack Découverte - Barres Protéine & Energie | Fer Ultimine™ | Créatine Micronisée (Opticreatine™),"Nutrimuscle, accessible to AI shoppers via negotiate.v1.",2026-05-07
29,Haus,pier39.fly.dev/haus,"Sonoma, CA",aperitif | beverage | alcohol | low-abv,10,Pomegranate Rosemary Case [6 Bottles] | Pomegranate Rosemary Case [3 Bottles] | Variety Case [12 Bottles] | Rosé Variety Case [3 Bottles],"Haus, accessible to AI shoppers via negotiate.v1.",2026-05-07
30,Stumptown Coffee,pier39.fly.dev/stumptown-coffee,"Portland, OR",coffee | beans | specialty | food,99,Wild Flower Bundle | Honduras El Puente Natural | Small World Tiny Tote | Peace Dove Mug,"Stumptown Coffee, accessible to AI shoppers via negotiate.v1.",2026-05-07
31,Pipcorn,pier39.fly.dev/pipcorn,"Brooklyn, NY",snacks | popcorn | non-gmo | food,35,"Classic Kimchi Balls | Dill Pickle Balls | APKT64C12 -- Kettle Popcorn | Kettle Popcorn, 24 Bags Snack Size","Pipcorn, accessible to AI shoppers via negotiate.v1.",2026-05-07
32,Death Wish Coffee,pier39.fly.dev/death-wish-coffee,"Round Lake, NY",coffee | high-caffeine | beans | food,134,Baba Yaga Mug | Witch's Kitchen Towel and Potholder Set | Trick or Treat Tea Towel Set | Brews Cruise Pullover,"Death Wish Coffee, accessible to AI shoppers via negotiate.v1.",2026-05-07
33,Partake Foods,pier39.fly.dev/partake-foods,"Jersey City, NJ",allergy-friendly | snacks | cookies | food,8,Classic Grahams | Vanilla Wafers | Crunchy Birthday Cake Cookies | Soft Baked Lemon Cookies,"Partake Foods, accessible to AI shoppers via negotiate.v1.",2026-05-07
34,PRESS Healthfoods,pier39.fly.dev/press-healthfoods,"London, UK",juice | health-food | wellness | beverage,147,Strawberry & Almond Shake 250ml | Happy Gut Shot - Weekly Add On for the Signature Nutrition Plan | Mixed Shot Box | Pom Power 250ml,"PRESS Healthfoods, accessible to AI shoppers via negotiate.v1.",2026-05-07
35,Jeffree Star Cosmetics,pier39.fly.dev/jeffree-star-cosmetics,"Los Angeles, CA",makeup | beauty | cosmetics,248,Ultimate Festival Season Trio | Brightening Magic Candy™ Color Corrector Trio | Pink Icons Magic Candy™ Color Corrector Duo | Ultimate Magic Candy™ Color Corrector Bundle,"Jeffree Star Cosmetics, accessible to AI shoppers via negotiate.v1.",2026-05-07
36,Kylie Cosmetics,pier39.fly.dev/kylie-cosmetics,"Calabasas, CA",makeup | lip-kits | beauty,249,Kylie’s 2026 Met Look Bundle | Crochet Bag | Cosmic Tray | Cosmic Silver Tray,"Kylie Cosmetics, accessible to AI shoppers via negotiate.v1.",2026-05-07
37,Beardbrand,pier39.fly.dev/beardbrand,"Austin, TX",mens-grooming | beard-care | personal-care,71,Norse Winter Utility Deodorant | Norse Winter Utility Bar 3-Pack | Black Sails Men's Cologne | Ghost Tracer Men's Cologne,"Beardbrand, accessible to AI shoppers via negotiate.v1.",2026-05-07
38,ColourPop,pier39.fly.dev/colourpop,"Oxnard, CA",makeup | beauty | lipstick,1162,Unhinged | Pink Icing | Glow Up | Fairy Coded,"ColourPop, accessible to AI shoppers via negotiate.v1.",2026-05-07
39,Soko Glam,pier39.fly.dev/soko-glam,"New York, NY",k-beauty | skincare | korean-beauty,807,345 Relief Cream | Summer Glow Set | Glowing Essentials Set | Glow On The Go Kit,"Soko Glam, accessible to AI shoppers via negotiate.v1.",2026-05-07
40,Hismile,pier39.fly.dev/hismile,"Gold Coast, Australia",teeth-whitening | oral-care | personal-care,52,Tooth Armour Toothpaste Serum Parent | Buy 2 Get 1 Free - Tooth Armour Toothpaste Serum | Buy 2 Get 1 Free - iD Stain Whitening Mouthwash | Buy 2 Get 1 Free - V34 Whitening Strips,"Hismile, accessible to AI shoppers via negotiate.v1.",2026-05-07
41,Cécred,pier39.fly.dev/cécred,"Los Angeles, CA",haircare | beauty | premium,69,Scalp Refreshing Spray Travel Size | The Takedown Bundle | Scalp Refreshing Spray | Ritual Shaking Vessel,"Cécred, accessible to AI shoppers via negotiate.v1.",2026-05-07
42,Brooklinen,pier39.fly.dev/brooklinen,"Brooklyn, NY",bedding | sheets | home | linen,317,DedCool | Brooklinen The Sleep Mode Duo | DedCool | Brooklinen Super-Plush Robe | DedCool | Brooklinen Sleep Mode Mini Pillow Spray | Organic Cotton Duvet Cover - Last Call,"Brooklinen, accessible to AI shoppers via negotiate.v1.",2026-05-07
43,Emma Bridgewater,pier39.fly.dev/emma-bridgewater,"Stoke-on-Trent, UK",pottery | homewares | home | ceramic,845,Father's Day Breakfast TEST | Seconds VE Day Anniversary 1/2 Pint Mug | Blue Shells Large Dish - Club Exclusive | Red & Blue Toast Medium Pasta Bowl,"Emma Bridgewater, accessible to AI shoppers via negotiate.v1.",2026-05-07
44,Nickey Kehoe,pier39.fly.dev/nickey-kehoe,"Los Angeles, CA",home-goods | interior-design | home,2302,Large Platter No. 3 | Large Platter No. 2 | Large Square Platter No. 1 | Medium Platter No.4,"Nickey Kehoe, accessible to AI shoppers via negotiate.v1.",2026-05-07
45,WP Standard,pier39.fly.dev/wp-standard,"Lawrence, KS",leather-goods | bags | accessories,43,Leather Valet Tray | Leather Dopp Kit | Solo Wine Tote | The Contigo Tote Bag,"WP Standard, accessible to AI shoppers via negotiate.v1.",2026-05-07
46,DB Journey,pier39.fly.dev/db-journey,Sweden,travel-bags | luggage | ski-bags,29,Ramverk Alu Carry-on Silver | Ramverk Alu Check-in Luggage Large Silver | Ramverk Alu Check-in Luggage Medium Silver | Hugger Backpack 30L Moss Green,"DB Journey, accessible to AI shoppers via negotiate.v1.",2026-05-07
47,American Girl,pier39.fly.dev/american-girl,"Middleton, WI",dolls | toys | kids,2349,American Girl® x Hanna Andersson Holiday Treetops Pajamas for Bitty Baby® Dolls | Courtney’s™ Gift Set (Historical Characters) | Fisher-Price® Little People Collector™ American Girl® | Polly Pocket™ x American Girl® Compact 3-Pack Set,"American Girl, accessible to AI shoppers via negotiate.v1.",2026-05-07
48,Cupshe,pier39.fly.dev/cupshe,"Los Angeles, CA",swimwear | dresses | womens-fashion | apparel,1407,Leopard Print Halter Shirred Tankini Set | Shadow Cutout High Waist Hipster Bikini Bottoms | Anastasia Smocked Long Sleeve Maxi Dress | Helah Belted Buffalo Plaid Top,"Cupshe — premium quality, fair prices.",2026-05-07
49,mnml,pier39.fly.dev/mnml,"Los Angeles, CA",streetwear | denim | mens-fashion | apparel,682,Gamble Cutoff Tee - Off White | Bleeding L/S Tee - Yellow | Quiet Zip Up Hoodie - Washed Black | 994 Phantom Tee - Washed Black,"mnml — premium quality, fair prices.",2026-05-07
50,Fangamer,pier39.fly.dev/fangamer,"Tucson, AZ",gaming-merch | collectibles | indie-games,1188,"""I feel sick."" Lenticular Pin | +Finely-Crafted Dwarven Pin+ | 143 Hoodie | 20XX/30XX for Nintendo Switch™","Fangamer — premium quality, fair prices.",2026-05-07
51,Bulletproof,pier39.fly.dev/bulletproof,"Bellevue, WA",coffee | wellness | supplements | food,139,"Always Caffeinated Glass Mug, 13 oz. | Apple Cider Vinegar Max Gummies, 60 count | Brain Octane C8 MCT Oil and Ground Coffee | Brain Octane C8 MCT Oil Packets","Bulletproof — premium quality, fair prices.",2026-05-07
52,G Fuel,pier39.fly.dev/g-fuel,"New York, NY",energy-drink | gaming | supplements | food,164,Candy Beam Collector's Box | Awakening | Scary Flavor Collector's Box | Level 3 Sour Shirley Temple,"G Fuel — premium quality, fair prices.",2026-05-07
53,Decathlon,pier39.fly.dev/decathlon,"Villeneuve-d'Ascq, France",sports-equipment | outdoor | fitness,502,Kiprun Kipstorm Lab Unisex Carbon Plate Running Shoes | Kiprun Kipride Women's Running Shoes | Quechua 2 Second Fresh & Black Waterproof Pop Up Camping Tent 2 Person | Quechua 2 Second Fresh & Black Waterproof Pop Up Camping Tent 3 Person,"Decathlon — premium quality, fair prices.",2026-05-07
54,CitieSocial,pier39.fly.dev/citiesocial,"Taipei, Taiwan",lifestyle | home | design,2500,【絕美禮盒】簡約證件套｜微光紙革 (3色) ▶ 禮物包裝.收到即可送禮 | 【絕美禮盒】簡約證件套 (2色) ▶ 禮物包裝.收到即可送禮 | 簡約證件套｜微光紙革 | 簡約證件套,"CitieSocial — premium quality, fair prices.",2026-05-07
55,Loreta,pier39.fly.dev/loreta,Australia,lifestyle | home,631,Baby Doll Blush Dress | Tropical Spice Dress | Green Jungle Dress | Phoebe Blouse/Shirt (Lilac - Purple),"Loreta — premium quality, fair prices.",2026-05-07
56,Spigen,pier39.fly.dev/spigen,"Seoul, South Korea",phone-cases | accessories | tech,946,Tesla Series - CryoShade | iPhone 12 Series - Liquid Crystal | Carabiner Black Strap + Key Ring | Carabiner + Keyring,"Spigen — premium quality, fair prices.",2026-05-07
57,Bee Inspired Clothing,pier39.fly.dev/bee-inspired-clothing,"Liverpool, UK",streetwear | mens-fashion | uk | apparel,536,Inzaghi T-Shirt - Black/Pink | Inzaghi T-Shirt - White/Red | Tonali T-Shirt - White/Aqua | Tonali T-Shirt - Black/Aqua,"Bee Inspired Clothing — premium quality, fair prices.",2026-05-07
58,RIPNDIP,pier39.fly.dev/ripndip,"Los Angeles, CA",streetwear | graphic-tees | skate | apparel,2500,Ripndip x NRG Lord Nermal Mirror (Clear) | Ripndip x NRG Stop Being A Pussy Quick Release (Black / Pink) | Ripndip x NRG Stop Being A Pussy Shift Knob (Black / Pink) | Ripndip x NRG Stop Being A Pussy Steering Wheel (Black / Pink),"RIPNDIP — premium quality, fair prices.",2026-05-07
59,Bohme,pier39.fly.dev/bohme,"Salt Lake City, UT",womens-fashion | boutique | apparel,2499,Zola Tank Top in Brown | Jordy Textured Maxi Dress in Cream | Halsey Floral Maxi Dress | Berkley Lace Trim Tank in Teal,"Bohme — premium quality, fair prices.",2026-05-07
60,Creative Booster,pier39.fly.dev/creative-booster,—,digital-products | tech,172,Riviera Stripe - Slim Phone Case | Orchard Stroll - Tough Phone Case (MagSafe) | Orchard Stroll - Tough Phone Case | Orchard Stroll - Slim Phone Case,"Creative Booster — premium quality, fair prices.",2026-05-07
61,Peakdesign,pier39.fly.dev/peakdesign,—,general,1553,Travel Backpack | 20L | Stone | Travel Backpack | 20L | Sage | Travel Crossbody | 3L | Stone | Travel Crossbody | 3L | Sage,"Peakdesign — premium quality, fair prices.",2026-05-07
62,KBDfans,pier39.fly.dev/kbdfans,"Shenzhen, China",mechanical-keyboards | tech | diy,494,GSK Sweet Nightmare | Ready to use Agar wired hotswap version with PBTfans Calkis | TOFU PAD Accessories | GMK CYL King of the Seas,"KBDfans — premium quality, fair prices.",2026-05-07
63,Bajaao,pier39.fly.dev/bajaao,"Mumbai, India",musical-instruments | audio | music,2499,Vault Artisan TL Telecaster Style Electric Guitar with Premium Alnico 5 Pickups | Vault ST2 Stratocaster Style Electric Guitar with Premium Alnico 5 Pickups | Yamaha F310 Dreadnought Acoustic Guitar - Open Box B Stock | Fender Squier Classic Vibe '50s Stratocaster Electric Guitar - Open Box,"Bajaao — premium quality, fair prices.",2026-05-07
64,The Yetee,pier39.fly.dev/the-yetee,Iowa,graphic-tees | gaming | nerd-merch,2498,The Silent | The Watcher | Video Game LoFi: PERSONA (Cassette) | Video Game LoFi: PERSONA (CD),"The Yetee — premium quality, fair prices.",2026-05-07
65,Mavi,pier39.fly.dev/mavi,"Istanbul, Turkey",denim | jeans | premium | apparel,1220,JAKE SLIM LEG JEANS IN DARK INDIGO WILLIAMSBURG | PALOMA WIDE LEG IN BLACK FLEX BLUE | MATT RELAXED STRAIGHT LEG JEANS IN DOUBLE BLACK SUPERMOVE | MATT RELAXED STRAIGHT LEG IN ANTHRACITE CASUAL TWILL,"Mavi — premium quality, fair prices.",2026-05-07
66,Goulet Pens,pier39.fly.dev/goulet-pens,"Richmond, VA",fountain-pens | ink | stationery,2500,BENU Talisman Fountain Pen - Pink Opal | Dominant Industry Keyno Fountain Pen - No.014 Cherishment | Sailor 1911 Casual L Fountain Pen - Supernova Crimson (Limited Edition) | Sailor 1911 Casual L Fountain Pen - Solar Flare (Limited Edition),"Goulet Pens — premium quality, fair prices.",2026-05-07
67,Culture Kings,pier39.fly.dev/culture-kings,"Brisbane, Australia",streetwear | sneakers | hats | apparel,2496,Carre Lush T-Shirt Off White | Fifa USA Sweatpants Black | Saint Morta The Cross T-Shirt Black | Saint Morta Consortium T-Shirt Black,"Culture Kings — premium quality, fair prices.",2026-05-07
68,William Painter,pier39.fly.dev/william-painter,"Salt Lake City, UT",sunglasses | eyewear | accessories,25,Z-Purple Dot Test Product | The Wrap | The Level Acetate | Titan Sock Pack,"William Painter — premium quality, fair prices.",2026-05-07
69,Ridge,pier39.fly.dev/ridge,"Sun Valley, CA",wallets | accessories | minimalist | mens,1138,Ridge Wallet - Philadelphia Eagles - Carbon Fiber 3k | Ridge Wallet - Tennessee Titans | Ridge Wallet - Los Angeles Rams | Curb Chain Kit - Titanium - Large,"Ridge — premium quality, fair prices.",2026-05-07
70,Outdoor Voices,pier39.fly.dev/outdoor-voices,"Austin, TX",activewear | athleisure | leggings | apparel,351,RecTrek Zip Pant | RecTrek Zip Pant | Energy Dress | Volley Dress,"Outdoor Voices — premium quality, fair prices.",2026-05-07
71,MrBeast Shop,pier39.fly.dev/mrbeast-shop,"Greenville, NC",creator-merch | youtube | apparel,212,Beast FC Pivot Hoodie | Beast FC Player Card Hoodie | International Beast Soccer Hoodie | Beast FC Pivot Tee,"MrBeast Shop — premium quality, fair prices.",2026-05-07
72,Secretlab,pier39.fly.dev/secretlab,Singapore,gaming-chairs | office | tech,132,Secretlab Leatherette XL Desk Mat (Designed for MAGNUS Evo XL) | Secretlab Leatherette Desk Mat (Designed for MAGNUS Evo) | Secretlab MAGNUS Lockable Casters (Heavy Duty Edition) | Secretlab TITAN Evo - Small - Secretlab NEO™ Hybrid Leatherette,"Secretlab — premium quality, fair prices.",2026-05-07
73,TeeFury,pier39.fly.dev/teefury,Indiana,graphic-tees | pop-culture | apparel,2500,Darthzig | Darthzig | Darthzig | Darthzig,"TeeFury — premium quality, fair prices.",2026-05-07
74,Halo Beauty,pier39.fly.dev/halo-beauty,—,beauty | supplements | haircare,45,Complete Beauty Foundation (HSN + Her Daily Multi) | Clear Skin + Foundation Bundle (Kiwi Skin Booster & Her Daily Multi) | Body + Beauty Bundle (TRYM + HSN combo) | Flowerdose Lip & Eye Serum,"Halo Beauty — premium quality, fair prices.",2026-05-07
75,Boys Don't Cry / Bdga,pier39.fly.dev/boys-don-t-cry-bdga,"Los Angeles, CA",streetwear | fashion | apparel,2499,RADIO DJ T-SHIRT | SMALL BASIC LOGO T-SHIRT | RECORD CONCERT MILK GLASS | RECORD CONCERT MILK GLASS,"Boys Don't Cry / Bdga — premium quality, fair prices.",2026-05-07
76,VICI,pier39.fly.dev/vici,"Boise, ID",womens-fashion | boutique | apparel,2500,Nyella Waist Tie Chambray Romper | Leelah Tiered Halter Neck Mini Dress | Maesy Tiered Halter Neck Chambray Maxi Dress | Korienna Mid Rise Chambray Shorts,"VICI — premium quality, fair prices.",2026-05-07
77,Al-Rugaib Furniture,pier39.fly.dev/al-rugaib-furniture,Saudi Arabia,furniture | home,2495,Woven Jute Rug with Gry Stripes - Natural Harmony | Rug 400*500 cm | Washed Diamond Rug | Vintage Moroccan Beni  Rug in Cream,"Al-Rugaib Furniture — premium quality, fair prices.",2026-05-07
78,Morphe,pier39.fly.dev/morphe,"Los Angeles, CA",makeup | beauty | cosmetics,129,Fully Covered Lip Bundle | Cheek Thrills Duos + Dual-Ended Sculpt Brush | Ultimate Glow Trio | Feeling Cheeky bundle,"Morphe — premium quality, fair prices.",2026-05-07
79,Deadstock,pier39.fly.dev/deadstock,"Vancouver, Canada",sneakers | streetwear | apparel,965,Gramicci One Point T-Shirt / Black | Salt & Stone Body Mist / Santal & Vetiver | Brother Brother Palo Santo Tin / Newps | Brother Brother Palo Santo Tin / Marbs,"Deadstock — premium quality, fair prices.",2026-05-07
80,Black Tailor,pier39.fly.dev/black-tailor,"Toronto, Canada",mens-tailoring | premium | apparel,176,B7 JACKET | C5 BOMBER | S4 CARGO SHORTS | S4 CARGO SHORTS,"Black Tailor — premium quality, fair prices.",2026-05-07
81,The Pi Hut,pier39.fly.dev/the-pi-hut,"Cambridge, UK",raspberry-pi | electronics | diy | tech,2500,SupTronics X-FAN40 PWM Fan HAT | Uctronics 5V 5A PoE+ NVMe HAT for Raspberry Pi 5 (with Active Cooler) | Cable Brackets for Shelly Flood Gen4 (10-Pack) | SupTronics X1001-MAX High-Power NVMe Add-on for Raspberry Pi 5,"The Pi Hut — premium quality, fair prices.",2026-05-07
82,Headphone Zone,pier39.fly.dev/headphone-zone,"Mumbai, India",headphones | audio | tech,1466,FiiO X Jade Audio - KA11 (Unboxed) | Tangzu - Wan'er S.G 2 Red Lion Edition (Unboxed) | Tangzu - Wan'er S.G 2 (Unboxed) | Truthear - NOVA (Unboxed),"Headphone Zone — premium quality, fair prices.",2026-05-07
83,Fanjoy,pier39.fly.dev/fanjoy,"Los Angeles, CA",creator-merch | youtube | apparel,277,Six Seven Official Hoodie | Six Seven Crewneck Sweater | Fanjoy Mystery Hoodie | Fanjoy Mystery Hat,"Fanjoy — premium quality, fair prices.",2026-05-07
84,Soylent,pier39.fly.dev/soylent,"Los Angeles, CA",meal-replacement | drinks | supplements | food,78,Soylent complete coffee - mocha | Soylent complete meal neapolitan variety pack | Soylent complete meal - strawberry | Soylent complete meal - mint chocolate,"Soylent — premium quality, fair prices.",2026-05-07
85,Timbuk2,pier39.fly.dev/timbuk2,"San Francisco, CA",bags | backpacks | messenger | accessories,140,Castle Crossbody Sling | Stow Packing Cubes | Relo Backpack | Long Haul Duffel,"Timbuk2 — premium quality, fair prices.",2026-05-07
86,MediaMarkt Portugal,pier39.fly.dev/mediamarkt-portugal,Portugal,electronics | appliances | tech,2500,"Smart TV Samsung 75"" Neo QLED Mini-LED Vision AI UHD 4K The Frame Pro 75LS03HW (2026) - 189 cm | Smart TV Samsung 75"" Mini-LED Vision AI UHD 4K 75M80H (2026) - 189 cm | Smart TV Samsung 43"" Mini-LED Vision AI UHD 4K 43M70H - 109 cm | Smart TV Samsung 55"" Neo QLED Mini-LED Vision AI UHD 4K The Frame Pro 55LS03HW (2026) - 140 cm","MediaMarkt Portugal — premium quality, fair prices.",2026-05-07
87,Victory Hangers,pier39.fly.dev/victory-hangers,—,hangers | closet | home,219,Race Bib Holder + Medal Hanger Display Rack V2 | Race Bib Holder + Medal Hanger Display Rack V1 | World Marathons Majors Medal Hanger Display Rack V2 | World Marathons Majors Medal Hanger Display Rack V1,"Victory Hangers — premium quality, fair prices.",2026-05-07
88,Sister Jane,pier39.fly.dev/sister-jane,"London, UK",womens-fashion | vintage | uk | apparel,526,Tommy Half Zip Sweat | Lens Frayed Overshirt | <b>DREAM</b> Illusions Jacquard Midi Dress | Memoria Jacquard Top,"Sister Jane — premium quality, fair prices.",2026-05-07
89,Heatonist,pier39.fly.dev/heatonist,"Brooklyn, NY",hot-sauce | condiments | spicy | food,316,Keith's Lasagna Sauce | Keith's | HEATONIST No. Eleven | Cantina Royal | White Hot Mustard Sauce | Quentin's Sauce -C | Smoked Serrano Squash Reaper X | Butterfly Bakery -C,"Heatonist — premium quality, fair prices.",2026-05-07
90,Unique Vintage,pier39.fly.dev/unique-vintage,"Burbank, CA",vintage | retro-fashion | womens | apparel,2443,Smak Parlour Pink & Black Houndstooth Cosmic Shift Dress | Unique Vintage 1950s Black High Waist Tracy Wiggle Skirt | Unique Vintage 1950s Black Halter Marcel Jumpsuit | Smak Parlour Black Mock Turtleneck Wave Maker Mini Dress,"Unique Vintage — premium quality, fair prices.",2026-05-07
91,Lack of Color,pier39.fly.dev/lack-of-color,"Sydney, Australia",hats | headwear | accessories,95,Chevron Beanie Band - Cappuccino | Crochet Hat - Sunwave | Crochet Hat - Coco | Triangle Bandana - Sunkissed,"Lack of Color — premium quality, fair prices.",2026-05-07
92,King Ice,pier39.fly.dev/king-ice,"Los Angeles, CA",jewelry | hip-hop | chains | accessories,650,Iced Erotic Erecting Penis Necklace | Gold Arctic III Watch | White Gold Arctic III Watch | Gold Arctic II Watch,"King Ice — premium quality, fair prices.",2026-05-07
93,Natural Baby Shower,pier39.fly.dev/natural-baby-shower,"London, UK",baby | kids | natural | uk,2500,Done by Deer Tiny Backpack - Tiny Farm Sand | Done by Deer Tiny Lunch Box With Snack Picks - Tiny Farm Powder | Done by Deer Lunch Box With Divider - Tiny Trails Green | Done by Deer Tiny Insulated Lunch - Tiny Farm Sand,"Natural Baby Shower — premium quality, fair prices.",2026-05-07
94,Mous,pier39.fly.dev/mous,"London, UK",phone-cases | accessories | tech,231,"Hardshell Carry-on Suitcase | Adventure Travel Bundle | Black Phone Case - Super Thin | Marine Protective Case, Screen Protector and Card Wallet - Apple Starter Kit","Mous — premium quality, fair prices.",2026-05-07
95,Zoo Fashions,pier39.fly.dev/zoo-fashions,—,fashion | apparel,1459,Black Leather 2 Buckle Belt | Black Leather Belted Sandals | Black Leather Chain-Embellished Sandals | Amiri Black Striped Creased Flare Trousers,"Zoo Fashions — premium quality, fair prices.",2026-05-07
96,Limited Run Games,pier39.fly.dev/limited-run-games,"Cary, NC",physical-games | collectibles | gaming,2499,"Alien: Rogue Incursion Evolved Edition - SteelBook Edition (Switch 2, PS5, Xbox, PC) | Alien: Rogue Incursion Evolved Edition - Standard Edition (Switch 2, PS5, Xbox, PC) | STAR OCEAN First Departure R Standard Edition Event Exclusive (Switch, PS4) | Tomba! 2: The Evil Swine Return Special Edition Standard Edition Event Exclusive (Switch)","Limited Run Games — premium quality, fair prices.",2026-05-07
97,Teddy Fresh,pier39.fly.dev/teddy-fresh,"Los Angeles, CA",streetwear | graphic-fashion | apparel,49,TF x Smokey Bear Critters Overalls | Thank You Mom Tee | Rainbow Hard Zip Baja Hoodie | Alfufu Sticker Pack,"Teddy Fresh — premium quality, fair prices.",2026-05-07
98,Indestructible Shoes,pier39.fly.dev/indestructible-shoes,—,footwear | work-shoes | safety | apparel,91,J3 Black | FlashWalk Black/Blue | FlashWalk Indestructible Shoes | FlashWalk Grey,"Indestructible Shoes — premium quality, fair prices.",2026-05-07
99,Live Fit Apparel,pier39.fly.dev/live-fit-apparel,"Los Angeles, CA",fitness | activewear | gym | apparel,1928,Vintage Sleeveless Slate Hoodie -Black | Vintage Sleeveless Slate Hoodie - Stone | Oxford Crop Tee - Bone | Oxford Crop Tee - Baby Blue,"Live Fit Apparel — premium quality, fair prices.",2026-05-07
100,Race Day Quads,pier39.fly.dev/race-day-quads,Pennsylvania,drones | fpv | racing | tech,2500,BETAFPV Air II Canopy | HQProp MacroQuad 9X4X3 3-Blade Propeller (Set of 4) | HQProp LR10x5x3 3-Blade Propeller (Set of 4) | HQProp LR10x6x3 3-Blade Propeller (Set of 4),"Race Day Quads — premium quality, fair prices.",2026-05-07
101,The Brick,pier39.fly.dev/the-brick,"Edmonton, Canada",furniture | appliances | home,2498,"Samsung 24"" 46 dBA Built-In Top-Control Dishwasher with 3rd Rack - DW80CG5451SRAA | Lave-vaisselle encastré Samsung à 46 dBA de 24 po avec commandes sur le dessus et 3e panier - DW80CG… | Sofa Lab Roll LAF Sofa Return - Luna Praline | Sofa de gauche pour rallonge Roll de la collection Sofa Lab - Luna praline | RO152591 | Sofa Lab Track Square Wedge - Pax Wicker | Fauteuil carré en coin Track de la collection Sofa Lab - Pax Wicker | TR883349 | Sofa Lab Roll RAF Sofa Return - Pax Wicker | Sofa de droite pour rallonge Roll de la collection Sofa Lab - Pax Wicker | RO163349","The Brick — premium quality, fair prices.",2026-05-07
102,Onewheel,pier39.fly.dev/onewheel,"San Mateo, CA",onewheel | electric-skateboard | tech,307,Onewheel Shoe | Onewheel Adventure: The Dolomites 2026 | Onewheel Adventure: Southern Utah Tour | XL Hybrid Fender,"Onewheel — premium quality, fair prices.",2026-05-07
103,Pimax,pier39.fly.dev/pimax,"Shanghai, China",vr | headsets | tech,88,Pimax $150 Accessory Bundle Voucher (May Special Edition) | Return Shipping Assurance | Pimax x Orbx: Jurassic World: Archipelago Bundle | Pimax x Micro Vision PC Bundle,"Pimax — premium quality, fair prices.",2026-05-07
